Word,Frequency (%)
the,4.644972
to,2.615292
and,2.522127
a,2.255939
of,1.923205
in,1.570506
said,1.144606
for,1.111333
on,0.845145
with,0.825181
was,0.745325
that,0.652159
is,0.638850
The,0.632195
his,0.605577
Syracuse,0.572303
as,0.572303
at,0.519066
her,0.399281
it,0.372663
he,0.359353
an,0.352698
from,0.346044
be,0.346044
first,0.339389
their,0.339389
by,0.306116
Collins,0.299461
have,0.292806
this,0.286152
—,0.286152
also,0.272842
has,0.272842
she,0.266188
are,0.266188
like,0.259533
were,0.246223
just,0.246223
not,0.232914
Brown,0.232914
I,0.232914
game,0.226259
Orange,0.226259
will,0.212950
one,0.212950
yards,0.206295
He,0.206295
about,0.206295
over,0.206295
more,0.206295
who,0.206295
Willis,0.206295
we,0.206295
which,0.199641
when,0.199641
SU’s,0.199641
its,0.199641
But,0.192986
community,0.192986
so,0.192986
they,0.186331
two,0.186331
event,0.186331
out,0.186331
or,0.186331
up,0.179677
all,0.173022
“I,0.173022
running,0.173022
but,0.173022
season,0.173022
been,0.166367
SU,0.166367
can,0.166367
only,0.166367
into,0.166367
you,0.159713
Syracuse’s,0.159713
what,0.159713
had,0.159713
quarterback,0.153058
year,0.153058
team,0.146403
him,0.139748
three,0.133094
Dautrich,0.133094
feel,0.133094
right,0.133094
our,0.126439
people,0.126439
really,0.126439
Oct,0.126439
them,0.126439
back,0.126439
play,0.119784
didn’t,0.119784
games,0.119784
touchdown,0.119784
club,0.119784
after,0.119784
how,0.119784
time,0.113130
new,0.113130
,0.113130
last,0.113130
some,0.113130
Casey,0.113130
2025,0.106475
it’s,0.106475
offensive,0.106475
week,0.106475
see,0.106475
than,0.106475
second,0.106475
end,0.106475
field,0.099820
pass,0.099820
many,0.099820
lacrosse,0.099820
students,0.099820
where,0.099820
off,0.099820
This,0.099820
made,0.099820
campus,0.099820
SMU,0.099820
do,0.099820
work,0.099820
In,0.099820
now,0.093166
need,0.093166
he’s,0.093166
part,0.093166
each,0.093166
through,0.093166
Angeli,0.093166
members,0.093166
offense,0.093166
could,0.093166
going,0.093166
ball,0.093166
since,0.093166
grade,0.093166
there,0.086511
University,0.086511
another,0.086511
Week,0.086511
get,0.086511
came,0.086511
Exotic,0.086511
make,0.086511
something,0.086511
years,0.086511
next,0.086511
attendees,0.086511
no,0.086511
half,0.086511
against,0.086511
“We,0.086511
New,0.086511
With,0.086511
day,0.086511
line,0.079856
go,0.079856
She,0.079856
show,0.079856
being,0.079856
that’s,0.079856
got,0.079856
campaign,0.079856
too,0.079856
different,0.079856
Run,0.079856
together,0.079856
most,0.079856
goal,0.079856
six,0.079856
take,0.079856
down,0.079856
help,0.079856
plays,0.079856
It’s,0.079856
around,0.073202
other,0.073202
As,0.073202
straight,0.073202
Perusse,0.073202
2024,0.073202
coach,0.073202
run,0.073202
much,0.073202
would,0.073202
per,0.073202
Club,0.073202
loss,0.073202
And,0.073202
Butler,0.073202
Saturday,0.073202
report,0.073202
began,0.066547
music,0.066547
Mustangs,0.066547
His,0.066547
space,0.066547
email,0.066547
my,0.066547
never,0.066547
while,0.066547
high,0.066547
York,0.066547
went,0.066547
players,0.066547
five,0.066547
Cook,0.066547
drive,0.066547
A,0.066547
head,0.066547
passing,0.066547
don’t,0.066547
Jewish,0.059892
started,0.059892
because,0.059892
race,0.059892
those,0.059892
before,0.059892
friends,0.059892
four,0.059892
every,0.059892
always,0.059892
Center,0.059892
under,0.059892
including,0.059892
“It’s,0.059892
dog,0.059892
doesn’t,0.059892
Avenue,0.059892
away,0.059892
here,0.059892
lot,0.059892
big,0.059892
any,0.059892
win,0.059892
helped,0.059892
points,0.059892
early,0.059892
Jr,0.059892
Elegance,0.059892
Nyack,0.059892
pole,0.059892
your,0.059892
President,0.059892
local,0.059892
me,0.059892
us,0.053238
No,0.053238
They,0.053238
dancing,0.053238
memorial,0.053238
“The,0.053238
say,0.053238
safety,0.053238
organization,0.053238
candidate,0.053238
Despite,0.053238
support,0.053238
attempts,0.053238
again,0.053238
both,0.053238
Smith,0.053238
It,0.053238
carries,0.053238
playing,0.053238
Nixon,0.053238
far,0.053238
film,0.053238
food,0.053238
even,0.053238
if,0.053238
At,0.053238
12,0.053238
start,0.053238
way,0.053238
still,0.053238
held,0.053238
put,0.053238
2023,0.053238
group,0.053238
Though,0.053238
opportunity,0.053238
I’m,0.053238
seven,0.053238
then,0.046583
try,0.046583
varsity,0.046583
4,0.046583
Cummings,0.046583
year’s,0.046583
defensive,0.046583
classes,0.046583
student,0.046583
Duke,0.046583
want,0.046583
needs,0.046583
Pace,0.046583
already,0.046583
according,0.046583
led,0.046583
Fashion,0.046583
designs,0.046583
touchdowns,0.046583
area,0.046583
clear,0.046583
losing,0.046583
took,0.046583
isn’t,0.046583
hazing,0.046583
football,0.046583
things,0.046583
7,0.046583
third,0.046583
social,0.046583
20,0.046583
did,0.046583
zone,0.046583
during,0.046583
Camden,0.046583
great,0.046583
Jean,0.046583
Oktoberfest,0.046583
construction,0.046583
open,0.046583
nearly,0.046583
After,0.046583
same,0.046583
trying,0.046583
we’re,0.046583
home,0.046583
left,0.046583
experience,0.046583
runners,0.046583
school,0.046583
10,0.046583
lead,0.046583
idea,0.046583
goals,0.046583
performance,0.046583
good,0.046583
Indy,0.046583
role,0.046583
face,0.039928
Cafe,0.039928
feels,0.039928
success,0.039928
scoring,0.039928
On,0.039928
interceptions,0.039928
attacks,0.039928
found,0.039928
along,0.039928
close,0.039928
Scherz,0.039928
college,0.039928
Harvest,0.039928
think,0.039928
between,0.039928
Fest,0.039928
interception,0.039928
top,0.039928
know,0.039928
fourth,0.039928
eight,0.039928
kind,0.039928
former,0.039928
teammates,0.039928
played,0.039928
data,0.039928
little,0.039928
among,0.039928
Rickie,0.039928
15,0.039928
throw,0.039928
unit,0.039928
shot,0.039928
key,0.039928
come,0.039928
Angeli’s,0.039928
better,0.039928
these,0.039928
Their,0.039928
center,0.039928
Recovery,0.039928
getting,0.039928
starting,0.039928
fashion,0.039928
point,0.039928
chance,0.039928
looking,0.039928
you’re,0.039928
build,0.039928
coordinator,0.039928
district,0.039928
David,0.039928
continue,0.039928
wanted,0.039928
gave,0.039928
Board,0.039928
27,0.039928
latest,0.039928
news,0.039928
For,0.039928
give,0.039928
candidates,0.039928
rushing,0.039928
earned,0.039928
health,0.039928
throughout,0.039928
“And,0.039928
university,0.039928
election,0.039928
score,0.039928
Auburn,0.039928
career,0.039928
Student,0.039928
Vice,0.039928
own,0.039928
clothing,0.039928
assists,0.039928
Jennings,0.033273
outside,0.033273
Villari,0.033273
tallied,0.033273
became,0.033273
total,0.033273
meeting,0.033273
Subscribe,0.033273
receptions,0.033273
best,0.033273
thought,0.033273
That’s,0.033273
women,0.033273
Yasin,0.033273
Indy’s,0.033273
reported,0.033273
safe,0.033273
very,0.033273
policy,0.033273
once,0.033273
asked,0.033273
set,0.033273
look,0.033273
currently,0.033273
runway,0.033273
C,0.033273
grief,0.033273
search,0.033273
media,0.033273
law,0.033273
Cook’s,0.033273
beer,0.033273
committee,0.033273
program,0.033273
place,0.033273
month,0.033273
Sala,0.033273
Get,0.033273
One,0.033273
delivered,0.033273
inbox,0.033273
makes,0.033273
may,0.033273
He’s,0.033273
newsletter,0.033273
should,0.033273
able,0.033273
1,0.033273
whether,0.033273
Many,0.033273
Gould,0.033273
why,0.033273
dance,0.033273
class,0.033273
Fran,0.033273
While,0.033273
sacks,0.033273
coming,0.033273
won,0.033273
such,0.033273
primary,0.033273
heels,0.033273
Working,0.033273
Families,0.033273
Party,0.033273
love,0.033273
less,0.033273
done,0.033273
ACC,0.033273
Tara,0.033273
state,0.033273
across,0.033273
Segel,0.033273
Council,0.033273
moment,0.033273
33,0.033273
times,0.033273
well,0.033273
Robinson,0.033273
hostages,0.033273
used,0.033273
without,0.033273
“A,0.033273
Now,0.033273
5K,0.033273
Brown’s,0.033273
Sunday,0.033273
contest,0.033273
mental,0.033273
Sept,0.033273
Marfilius,0.033273
seeing,0.033273
When,0.033273
Clemson,0.033273
they’re,0.033273
takes,0.033273
yet,0.033273
threat,0.033273
vision,0.033273
later,0.033273
GoldbergPolin,0.033273
Life,0.033273
hosted,0.033273
linebacker,0.033273
building,0.033273
saw,0.033273
often,0.033273
family,0.033273
tight,0.033273
Israel,0.033273
allowed,0.033273
2022,0.033273
31,0.033273
11,0.033273
kept,0.033273
become,0.033273
night,0.033273
large,0.033273
major,0.026619
tossed,0.026619
focus,0.026619
gets,0.026619
quarters,0.026619
books,0.026619
past,0.026619
Nixon’s,0.026619
culture,0.026619
specific,0.026619
gonna,0.026619
herself,0.026619
competition,0.026619
“Good,0.026619
events,0.026619
shared,0.026619
vendors,0.026619
Joe,0.026619
cases,0.026619
McCord,0.026619
free,0.026619
24,0.026619
Victoriano,0.026619
environment,0.026619
Campus,0.026619
spirit,0.026619
victims,0.026619
postgame,0.026619
missed,0.026619
survivor,0.026619
wasn’t,0.026619
crime,0.026619
Wolff’s,0.026619
attack,0.026619
song,0.026619
Petros,0.026619
ready,0.026619
included,0.026619
mention,0.026619
executive,0.026619
Erlebacher,0.026619
star,0.026619
create,0.026619
Senior,0.026619
handle,0.026619
share,0.026619
performances,0.026619
attention,0.026619
lost,0.026619
real,0.026619
commitment,0.026619
2026,0.026619
seventh,0.026619
soccer,0.026619
Leonberg,0.026619
Community,0.026619
worst,0.026619
deficit,0.026619
confidence,0.026619
must,0.026619
illness,0.026619
late,0.026619
scored,0.026619
SMU’s,0.026619
acting,0.026619
summer,0.026619
though,0.026619
favorite,0.026619
needed,0.026619
punt,0.026619
passes,0.026619
United,0.026619
States,0.026619
understanding,0.026619
provide,0.026619
Photographer,0.026619
festival,0.026619
body,0.026619
crowd,0.026619
Hamas,0.026619
bring,0.026619
impressive,0.026619
showed,0.026619
giving,0.026619
important,0.026619
displayed,0.026619
Johntay,0.026619
debate,0.026619
president,0.026619
involved,0.026619
Davis,0.026619
models,0.026619
There,0.026619
who’s,0.026619
there’s,0.026619
Style,0.026619
Tilghman,0.026619
Mallory,0.026619
community”,0.026619
front,0.026619
Zinkovitch,0.026619
received,0.026619
Steve,0.026619
fun,0.026619
transfer,0.026619
people”,0.026619
using,0.026619
hopes,0.026619
future,0.026619
find,0.026619
nation,0.026619
meet,0.026619
leads,0.026619
shows,0.026619
receiving,0.026619
quarter,0.026619
freshman,0.026619
residence,0.026619
backs,0.026619
board,0.026619
felt,0.026619
bond,0.026619
tackles,0.026619
months,0.026619
Elegance’s,0.026619
hope,0.026619
Achilles,0.026619
Democratic,0.026619
DJ,0.026619
Johnson,0.026619
buffalo,0.026619
working,0.026619
runs,0.026619
energy,0.026619
director,0.026619
pick,0.026619
designers,0.026619
young,0.026619
toward,0.026619
rate,0.026619
chancellor,0.026619
sophomore,0.026619
All,0.026619
attended,0.026619
Football,0.026619
wide,0.026619
several,0.026619
public,0.026619
secondyear,0.026619
Coast,0.026619
wanting,0.026619
City,0.026619
Both,0.026619
School,0.026619
So,0.026619
deep,0.026619
person,0.026619
putting,0.026619
himself,0.026619
pm,0.026619
Common,0.026619
“It,0.026619
multiple,0.026619
bowl,0.026619
organizations,0.026619
website,0.026619
followed,0.026619
Jeff,0.026619
making,0.026619
air,0.026619
Ponessa,0.026619
clothes,0.026619
rush,0.026619
Nov,0.026619
wants,0.026619
excellent,0.026619
versus,0.026619
University’s,0.026619
city,0.026619
Collins’,0.026619
52,0.026619
overcome,0.019964
totaled,0.019964
level,0.019964
Heard,0.019964
few,0.019964
passion,0.019964
forced,0.019964
improved,0.019964
interested,0.019964
coverage,0.019964
Hersh,0.019964
growing,0.019964
ago,0.019964
due,0.019964
speak,0.019964
sport,0.019964
scene,0.019964
Chief,0.019964
walked,0.019964
Lacrosse,0.019964
draw,0.019964
live,0.019964
Officer,0.019964
By,0.019964
I’ll,0.019964
48,0.019964
special,0.019964
seats,0.019964
small,0.019964
carry,0.019964
Education,0.019964
break,0.019964
current,0.019964
lives,0.019964
resources,0.019964
She’s,0.019964
receiver,0.019964
upon,0.019964
whole,0.019964
kid,0.019964
she’s,0.019964
bye,0.019964
life”,0.019964
use,0.019964
shots,0.019964
remembers,0.019964
ways,0.019964
signed,0.019964
traditional,0.019964
we’ll,0.019964
call,0.019964
hit,0.019964
ground,0.019964
Eriman,0.019964
Leonardo,0.019964
model,0.019964
meal,0.019964
gotta,0.019964
Auburn’s,0.019964
sometimes,0.019964
oncampus,0.019964
minutes,0.019964
Dautrich’s,0.019964
beginning,0.019964
Since,0.019964
Rouson,0.019964
completed,0.019964
Boy”,0.019964
You,0.019964
Connor,0.019964
standout,0.019964
central,0.019964
We,0.019964
ended,0.019964
stuff,0.019964
kick,0.019964
physicality,0.019964
does,0.019964
childhood,0.019964
effect,0.019964
pressure,0.019964
They’ve,0.019964
difference,0.019964
provides,0.019964
Books,0.019964
practice,0.019964
Parthenon,0.019964
Willis’,0.019964
Brooks,0.019964
throws,0.019964
“He’s,0.019964
helping,0.019964
words,0.019964
average,0.019964
Editor,0.019964
studio,0.019964
Photo,0.019964
RossSimmons,0.019964
guys,0.019964
vehicle,0.019964
Syracuse”,0.019964
player,0.019964
comes,0.019964
result,0.019964
confident,0.019964
problem,0.019964
completely,0.019964
can’t,0.019964
tell,0.019964
3118,0.019964
cause,0.019964
moving,0.019964
thefts,0.019964
horror,0.019964
member,0.019964
audience,0.019964
roster,0.019964
mom,0.019964
lack,0.019964
previous,0.019964
display,0.019964
until,0.019964
Atlantic,0.019964
strong,0.019964
Golan,0.019964
move,0.019964
Comstock,0.019964
We’ve,0.019964
produce,0.019964
Herrick,0.019964
Todd,0.019964
Kevin,0.019964
remain,0.019964
action,0.019964
looked,0.019964
almost,0.019964
hopeful,0.019964
style,0.019964
circle,0.019964
keep,0.019964
handing,0.019964
peer,0.019964
specialist,0.019964
certain,0.019964
28,0.019964
fell,0.019964
June,0.019964
featured,0.019964
designer,0.019964
international,0.019964
Michael,0.019964
ability,0.019964
backup,0.019964
receivers,0.019964
planning,0.019964
thus,0.019964
teams,0.019964
winning,0.019964
includes,0.019964
poor,0.019964
hosts,0.019964
saying,0.019964
Gao,0.019964
“He,0.019964
collections,0.019964
December,0.019964
brands,0.019964
tried,0.019964
professors,0.019964
Director,0.019964
approved,0.019964
14,0.019964
B,0.019964
quarterbacks,0.019964
“This,0.019964
form,0.019964
fill,0.019964
apart,0.019964
host,0.019964
Some,0.019964
16,0.019964
National,0.019964
nine,0.019964
Heath,0.019964
country,0.019964
final,0.019964
Central,0.019964
Staff,0.019964
connect,0.019964
increased,0.019964
Alexander,0.019964
beautiful,0.019964
Dan,0.019964
creating,0.019964
type,0.019964
continues,0.019964
Steck,0.019964
ask,0.019964
graduating,0.019964
reality,0.019964
drew,0.019964
threw,0.019964
route,0.019964
compared,0.019964
starter,0.019964
rest,0.019964
main,0.019964
violations,0.019964
stood,0.019964
stage,0.019964
anyone,0.019964
Brian,0.019964
offered,0.019964
stories,0.019964
dropped,0.019964
50,0.019964
research,0.019964
Justus,0.019964
fall,0.019964
recorded,0.019964
Darrell,0.019964
Gill,0.019964
middle,0.019964
sharing,0.019964
opposing,0.019964
Members,0.019964
reach,0.019964
forcing,0.019964
snaps,0.019964
afterward,0.019964
knew,0.019964
Before,0.019964
hasn’t,0.019964
either,0.019964
Mustangs’,0.019964
Fisher,0.019964
sold,0.019964
strength,0.019964
defense,0.019964
Festival,0.019964
Israeli,0.019964
quickly,0.019964
coaching,0.019964
red,0.019964
parts,0.019964
stick,0.019964
Owens,0.019964
Babilon,0.019964
Rudd,0.019964
collection,0.019964
tackle,0.019964
forward,0.019964
spot,0.019964
Republican,0.019964
uncontested,0.019964
speakers,0.019964
becoming,0.019964
called,0.019964
Department,0.019964
40,0.019964
drug,0.019964
miss,0.019964
collaboration,0.019964
hour,0.019964
happened,0.019964
25,0.019964
High,0.019964
behind,0.019964
recruit,0.019964
general,0.019964
Elijah,0.019964
available,0.019964
Her,0.019964
plussize,0.019964
Schine,0.019964
skill,0.019964
possessions,0.019964
Pro,0.019964
everybody,0.019964
fact,0.019964
seem,0.019964
Focus,0.019964
Lloyd,0.019964
likely,0.019964
stigma,0.019964
record,0.019964
potentially,0.019964
Orange’s,0.019964
fraternity,0.019964
NFL,0.019964
club’s,0.019964
opponents,0.019964
stepped,0.019964
syracusecom,0.019964
defenders,0.019964
throwing,0.019964
venue,0.019964
catch,0.019964
semester,0.019964
learning,0.019964
filled,0.019964
chugging,0.019964
violence,0.019964
couldn’t,0.013309
themselves,0.013309
easily,0.013309
amid,0.013309
gather,0.013309
hotel,0.013309
leaders,0.013309
limit,0.013309
club”,0.013309
begins,0.013309
Graduate,0.013309
“Whenever,0.013309
other”,0.013309
welcome,0.013309
room,0.013309
size,0.013309
Everyone,0.013309
Over,0.013309
falling,0.013309
older,0.013309
exclusive,0.013309
He’ll,0.013309
creative,0.013309
Pole,0.013309
DALLAS,0.013309
improving,0.013309
respects,0.013309
bodies,0.013309
Meanwhile,0.013309
chapter,0.013309
team”,0.013309
play”,0.013309
nature,0.013309
express,0.013309
mentally,0.013309
empowering,0.013309
Ostrom,0.013309
believes,0.013309
meetings,0.013309
negative,0.013309
beginnerfriendly,0.013309
hall,0.013309
stay,0.013309
“You,0.013309
active,0.013309
stumbled,0.013309
pedestrian,0.013309
heads,0.013309
push,0.013309
weeks,0.013309
faced,0.013309
shape,0.013309
house,0.013309
proud,0.013309
better”,0.013309
ever,0.013309
Courtesy,0.013309
easy,0.013309
demolished,0.013309
woman,0.013309
limited,0.013309
net,0.013309
nothing,0.013309
founders,0.013309
pop,0.013309
establishing,0.013309
Harbor,0.013309
trailed,0.013309
“There’s,0.013309
foundation,0.013309
senior,0.013309
Alongside,0.013309
Zhiltsov,0.013309
others,0.013309
turn,0.013309
join,0.013309
friend,0.013309
Ellie,0.013309
approach,0.013309
girls,0.013309
spring,0.013309
bigger,0.013309
learn,0.013309
600,0.013309
draws,0.013309
usually,0.013309
theater,0.013309
constant,0.013309
annual,0.013309
Atrium,0.013309
sky,0.013309
strutted,0.013309
commit,0.013309
FBS,0.013309
daughter,0.013309
ends,0.013309
Cat,0.013309
ranking,0.013309
launch,0.013309
“But,0.013309
311,0.013309
Villari’s,0.013309
Palladian,0.013309
Hall,0.013309
averaging,0.013309
cofounder,0.013309
passrushing,0.013309
via,0.013309
talent,0.013309
they’ve,0.013309
Diggs,0.013309
Fadil,0.013309
Reese,0.013309
rewarding,0.013309
impression,0.013309
brand,0.013309
Other,0.013309
single,0.013309
walking,0.013309
Kyle,0.013309
someone,0.013309
tent,0.013309
enjoyed,0.013309
pilsner,0.013309
96,0.013309
glass,0.013309
picks,0.013309
finish,0.013309
Bort,0.013309
choosing,0.013309
combined,0.013309
enthusiasm,0.013309
Waldman,0.013309
road,0.013309
changed,0.013309
offseason,0.013309
LSU,0.013309
redshirt,0.013309
recalled,0.013309
story,0.013309
Vaughan,0.013309
inexperienced,0.013309
scheme,0.013309
tripled,0.013309
impressed,0.013309
invited,0.013309
walk,0.013309
Conference,0.013309
feeding,0.013309
pieces,0.013309
10win,0.013309
showcasing,0.013309
Gilbert,0.013309
historic,0.013309
puppy,0.013309
Wynette,0.013309
honest,0.013309
in”,0.013309
talented,0.013309
here”,0.013309
afternoon,0.013309
Stephens,0.013309
myself”,0.013309
buddy,0.013309
trucks,0.013309
freshmen,0.013309
Hinshaw,0.013309
businesses,0.013309
Delta,0.013309
telling,0.013309
popular,0.013309
Pie,0.013309
built,0.013309
talk,0.013309
expanded,0.013309
thing,0.013309
marked,0.013309
passionate,0.013309
sack,0.013309
sported,0.013309
Love,0.013309
Boutique,0.013309
colors,0.013309
Tremble,0.013309
Jamie,0.013309
Long,0.013309
Zinkovitch’s,0.013309
Braheem,0.013309
patched,0.013309
dresses,0.013309
Following,0.013309
theme,0.013309
tents,0.013309
mark,0.013309
turnovers,0.013309
me”,0.013309
clothing”,0.013309
656,0.013309
calling,0.013309
absolutely,0.013309
trending,0.013309
bound,0.013309
dashiki,0.013309
deeper,0.013309
dropping,0.013309
resulted,0.013309
bag,0.013309
happy,0.013309
variety,0.013309
double,0.013309
cuts,0.013309
ties,0.013309
“We’re,0.013309
positions,0.013309
what’s,0.013309
leading,0.013309
sense,0.013309
IQ,0.013309
owner’s,0.013309
reps,0.013309
sticks,0.013309
eighth,0.013309
cabin,0.013309
given,0.013309
seems,0.013309
film’s,0.013309
opponent’s,0.013309
everything,0.013309
view,0.013309
Wade,0.013309
short,0.013309
solid,0.013309
“She’s,0.013309
familiar,0.013309
Perrella,0.013309
tension,0.013309
lacrosse”,0.013309
loves,0.013309
That,0.013309
“a,0.013309
assistant,0.013309
helps,0.013309
selfless,0.013309
willing,0.013309
cheers,0.013309
Until,0.013309
picked,0.013309
Deviant,0.013309
taking,0.013309
They’re,0.013309
seniors,0.013309
full,0.013309
scorers,0.013309
matter,0.013309
eligible,0.013309
Inner,0.013309
name,0.013309
entire,0.013309
mistakes,0.013309
‘Okay,0.013309
chronic,0.013309
might,0.013309
Blue,0.013309
Its,0.013309
premise,0.013309
actions,0.013309
sectional,0.013309
hand,0.013309
title,0.013309
championship,0.013309
world,0.013309
tired,0.013309
allows,0.013309
sidelines,0.013309
Biergarten,0.013309
celebration,0.013309
stein,0.013309
importantly,0.013309
Tennessee,0.013309
German,0.013309
thenNo,0.013309
wins,0.013309
sort,0.013309
feeling,0.013309
Volk,0.013309
PFF,0.013309
admitted,0.013309
initially,0.013309
worried,0.013309
Albany,0.013309
intended,0.013309
turnout,0.013309
drink,0.013309
match,0.013309
fans,0.013309
balls,0.013309
908,0.013309
firstquarter,0.013309
halftime,0.013309
failed,0.013309
Daversa,0.013309
featuring,0.013309
dachshund,0.013309
smiling,0.013309
derailed,0.013309
Dame,0.013309
moments,0.013309
Youth,0.013309
Nike,0.013309
perfectly,0.013309
backyard,0.013309
father,0.013309
selection,0.013309
cheap,0.013309
Every,0.013309
Casey’s,0.013309
Gary,0.013309
filming,0.013309
setting,0.013309
camp,0.013309
biggest,0.013309
pace,0.013309
Notre,0.013309
Even,0.013309
injury,0.013309
die,0.013309
Will,0.013309
If,0.013309
prime,0.013309
original,0.013309
sum,0.013309
polka,0.013309
Clinton,0.013309
Square,0.013309
marks,0.013309
“In,0.013309
democratic,0.013309
August,0.013309
Rachel,0.013309
larger,0.013309
eventually,0.013309
balance,0.013309
29,0.013309
true,0.013309
dealing,0.013309
targets,0.013309
focused,0.013309
son,0.013309
enough,0.013309
platform,0.013309
AmericanIsraeli,0.013309
Trump,0.013309
proposed,0.013309
plan,0.013309
Ferguson,0.013309
ballot,0.013309
issues,0.013309
State,0.013309
wrote,0.013309
registration,0.013309
II,0.013309
clean,0.013309
dropbacks,0.013309
identity,0.013309
winner,0.013309
ripped,0.013309
Levin,0.013309
attendee,0.013309
spots,0.013309
especially,0.013309
Cordano,0.013309
Billue,0.013309
explored,0.013309
Another,0.013309
hands,0.013309
effective,0.013309
return,0.013309
fast”,0.013309
commissioners,0.013309
missing,0.013309
23,0.013309
account,0.013309
6,0.013309
killed,0.013309
escape,0.013309
8,0.013309
video,0.013309
message,0.013309
agreed,0.013309
funds,0.013309
struggles,0.013309
Sparrow,0.013309
hadn’t,0.013309
Deslauriers,0.013309
Antoine,0.013309
Friday,0.013309
wife,0.013309
England,0.013309
‘Jessica,0.013309
Just,0.013309
despite,0.013309
emotional,0.013309
soon,0.013309
ourselves,0.013309
happen,0.013309
secondary,0.013309
sexual,0.013309
highlight,0.013309
typical,0.013309
Safety,0.013309
Security,0.013309
groups,0.013309
Wednesday,0.013309
campuswide,0.013309
Clery,0.013309
slot,0.013309
Act,0.013309
staff”,0.013309
dates,0.013309
November,0.013309
voting,0.013309
Early,0.013309
District,0.013309
mayor,0.013309
races,0.013309
38,0.013309
respond,0.013309
tailback,0.013309
nervous,0.013309
heart,0.013309
Raphael,0.013309
he’d,0.013309
implemented,0.013309
linebackers,0.013309
concepts,0.013309
recovery,0.013309
Eglash,0.013309
something”,0.013309
coordinators,0.013309
III,0.013309
forgotten,0.013309
hurt,0.013309
volunteer,0.013309
stopped,0.013309
SGA,0.013309
Alexis,0.013309
heard,0.013309
concerns,0.013309
regular,0.013309
Editor’s,0.013309
Co,0.013309
note,0.013309
article,0.013309
contains,0.013309
junior,0.013309
antisemitism,0.013309
leader,0.013309
good”,0.013309
longer,0.013309
Nova,0.013309
attendance,0.013309
skills,0.013309
force,0.013309
stared,0.013309
outstretched,0.013309
prayer,0.013309
arms,0.013309
Jack,0.013309
en,0.013309
Stonehouse,0.013309
voted,0.013309
situations,0.013309
playcalling,0.013309
universities,0.013309
shy,0.013309
process,0.013309
jobs,0.013309
remaining,0.013309
types,0.013309
Rich,0.013309
Right,0.013309
budget,0.013309
attend,0.013309
bill,0.013309
Jenkins,0.013309
Special,0.013309
updated,0.013309
touches,0.013309
rushes,0.013309
leadership,0.013309
updates,0.013309
denied,0.013309
RSO,0.013309
information,0.013309
brief,0.013309
Standards,0.013309
told,0.013309
grades,0.013309
lighting,0.013309
position,0.013309
evening,0.013309
Mark,0.013309
Monday,0.013309
Association,0.013309
Government,0.013309
“Our,0.013309
joined,0.013309
choice,0.013309
Coleman,0.013309
rabbis,0.013309
Dallas,0.013309
remember,0.013309
prayers,0.013309
duty,0.013309
J,0.013309
captivity,0.013309
Marissa,0.013309
twice,0.013309
Carello,0.013309
performed,0.013309
plenty,0.013309
allow,0.013309
Ehrenreich,0.013309
writein,0.013309
representative,0.013309
Sophomore,0.013309
registered,0.013309
she’d,0.013309
SGA’s,0.013309
corners,0.013309
incredibly,0.013309
asking,0.013309
Sam,0.013309
presentation,0.013309
added,0.013309
Federation,0.013309
End,0.013309
talks,0.013309
staff,0.013309
JCC,0.013309
drives,0.013309
reminder,0.013309
pain,0.013309
caused,0.013309
hate,0.013309
opening,0.013309
met,0.013309
minute,0.013309
pocket,0.013309
guide,0.013309
Foundation,0.013309
addiction,0.013309
simply,0.013309
struggling,0.013309
professor,0.013309
herd,0.013309
passblocking,0.013309
section,0.013309
According,0.013309
suspension,0.013309
clients,0.013309
41,0.013309
traffic,0.013309
detours,0.013309
trauma,0.013309
serves,0.013309
funding,0.013309
cafe,0.013309
presence,0.013309
electric,0.013309
Health,0.013309
About,0.013309
coaches,0.013309
states,0.013309
serve,0.013309
attempt,0.013309
employees,0.013309
definition,0.013309
meant,0.013309
worked,0.013309
comparing,0.013309
To,0.013309
project,0.013309
era,0.013309
collect,0.013309
Here,0.013309
trend,0.013309
documented,0.013309
however,0.013309
Wang,0.013309
created,0.013309
45,0.013309
Psi,0.013309
wideopen,0.013309
provided,0.013309
Waverly,0.013309
projects,0.013309
decrease,0.013309
Veterans,0.013309
discussion,0.013309
thrown,0.013309
returners,0.013309
Design,0.013309
“more,0.013309
having,0.013309
halfway,0.013309
services”,0.013309
center’s,0.013309
founder,0.013309
conference,0.013309
barely,0.013309
service,0.013309
Allen,0.013309
displaying”,0.013309
add,0.013309
“That’s,0.013309
scores,0.013309
statistics,0.013309
employees”,0.013309
peerled,0.013309
incidents,0.013309
Tigers,0.013309
generated,0.013309
Saturday’s,0.013309
halls,0.013309
544,0.013309
notable,0.013309
Place,0.013309
quality,0.006655
Athletics,0.006655
Space,0.006655
walkin,0.006655
inquiring,0.006655
helmet,0.006655
sputtering,0.006655
Digital,0.006655
desire,0.006655
valve,0.006655
supports,0.006655
coffin,0.006655
feed,0.006655
202,0.006655
nail,0.006655
Childhood,0.006655
Sophia,0.006655
clock,0.006655
Burke,0.006655
regularity,0.006655
creativity,0.006655
Family,0.006655
medals,0.006655
reacting,0.006655
would’ve,0.006655
Inc,0.006655
Safe,0.006655
Ross,0.006655
we’ve,0.006655
Hornsby,0.006655
Jaylan,0.006655
repeated,0.006655
reached,0.006655
rarified,0.006655
Simmons,0.006655
300,0.006655
Coaching,0.006655
issue,0.006655
improvements,0.006655
Quarterback,0.006655
amount,0.006655
sponsors,0.006655
acted,0.006655
Through,0.006655
accordingly,0.006655
legs,0.006655
resulting,0.006655
57,0.006655
weapons,0.006655
Considering,0.006655
shined,0.006655
35point,0.006655
Instead,0.006655
punted,0.006655
advantage,0.006655
taken,0.006655
avalanche,0.006655
shortcomings,0.006655
range,0.006655
intermediate,0.006655
streak,0.006655
responded,0.006655
duos,0.006655
55yard,0.006655
tenure,0.006655
shellacking,0.006655
13point,0.006655
presented,0.006655
Oftentimes,0.006655
positiongroup,0.006655
collaborate,0.006655
heaps,0.006655
defeat,0.006655
etc,0.006655
Vinci,0.006655
kids,0.006655
half”,0.006655
differences”,0.006655
formula,0.006655
loud,0.006655
“That,0.006655
momentum,0.006655
McSparron,0.006655
runner’s,0.006655
shanked,0.006655
it”,0.006655
airraid,0.006655
Jess,0.006655
prior,0.006655
estate,0.006655
5K’s,0.006655
Sound,0.006655
morning,0.006655
semimobile,0.006655
42yard,0.006655
Pittsburgh,0.006655
Once,0.006655
inside,0.006655
partnered,0.006655
ran,0.006655
attempting,0.006655
17th,0.006655
959,0.006655
suggestions,0.006655
steam,0.006655
rushed,0.006655
wideout,0.006655
Texas,0.006655
rut,0.006655
beverages,0.006655
Scott,0.006655
enter,0.006655
occasional,0.006655
Trimble,0.006655
Syracusecom,0.006655
gone,0.006655
infamously,0.006655
joke,0.006655
prepared,0.006655
matched,0.006655
sixyard,0.006655
losses,0.006655
battletested,0.006655
11yard,0.006655
doubledigit,0.006655
“remember,0.006655
giveaways,0.006655
totaling,0.006655
hydrate”,0.006655
Too,0.006655
170,0.006655
shortyardage,0.006655
Isaiah,0.006655
hydration,0.006655
rough,0.006655
Nwokobia,0.006655
However,0.006655
tackled,0.006655
gain,0.006655
fourthand1,0.006655
midfield,0.006655
booth,0.006655
fourthandshort,0.006655
5,0.006655
failing,0.006655
ailing,0.006655
flat,0.006655
10yard,0.006655
celebrated,0.006655
things”,0.006655
transferred,0.006655
accomplishment,0.006655
raffles,0.006655
“Fourthand1,0.006655
Us,0.006655
unacceptable”,0.006655
sporting,0.006655
unofficial,0.006655
Gabrielle,0.006655
tempo,0.006655
Defensively,0.006655
sneak,0.006655
dialed,0.006655
collaborated,0.006655
aggressiveness,0.006655
turnouts,0.006655
side,0.006655
replace,0.006655
downs,0.006655
Carney,0.006655
Brandon,0.006655
Miyazono,0.006655
newly,0.006655
Luke,0.006655
nowbackup,0.006655
goalline,0.006655
Look,0.006655
sponsored,0.006655
wheels,0.006655
Monster,0.006655
consecutive,0.006655
racked,0.006655
tossing,0.006655
Energy,0.006655
176,0.006655
cofounding,0.006655
UNC,0.006655
18,0.006655
Pitt,0.006655
induced,0.006655
beatable,0.006655
Omopariola,0.006655
perform,0.006655
worth,0.006655
How,0.006655
Demetres,0.006655
schedule,0.006655
Club’s,0.006655
Linebackers,0.006655
timely,0.006655
improvement,0.006655
midway,0.006655
Jennings’,0.006655
figured,0.006655
runners”,0.006655
apparent,0.006655
snap,0.006655
wrapped,0.006655
collaborator,0.006655
milestone,0.006655
Bryant,0.006655
continuously,0.006655
torn,0.006655
contact,0.006655
defining,0.006655
811,0.006655
certainly,0.006655
Defensive,0.006655
inclusive,0.006655
D,0.006655
linemen,0.006655
teamhigh,0.006655
adding,0.006655
passrush,0.006655
grading,0.006655
attract,0.006655
halfsack,0.006655
crowds,0.006655
hybrid,0.006655
corps’,0.006655
wheeling,0.006655
789,0.006655
dive,0.006655
Duane,0.006655
Here’s,0.006655
allowing,0.006655
Samuel,0.006655
careerhigh,0.006655
mixed,0.006655
completions,0.006655
35,0.006655
qualify,0.006655
determine,0.006655
nearnonexistent,0.006655
football’s,0.006655
encouraging,0.006655
trail,0.006655
motivate,0.006655
Chesnut,0.006655
notched,0.006655
Duce,0.006655
burnt,0.006655
Bridget,0.006655
miscommunication,0.006655
Berry,0.006655
playlist,0.006655
Buxton,0.006655
recording,0.006655
seen,0.006655
Walker,0.006655
30,0.006655
accomplished,0.006655
participants,0.006655
decided,0.006655
Grant’s,0.006655
28point,0.006655
participant,0.006655
Perez,0.006655
system,0.006655
Devin,0.006655
Mario,0.006655
halfmarathon,0.006655
contender,0.006655
ending,0.006655
Eli,0.006655
Green,0.006655
stars,0.006655
Derek,0.006655
McDonald,0.006655
following,0.006655
Anwar,0.006655
supporter,0.006655
James,0.006655
complement,0.006655
burned,0.006655
miscommunicating,0.006655
ally,0.006655
Because,0.006655
consistent,0.006655
sneaky,0.006655
veterans,0.006655
appeared,0.006655
turns,0.006655
Secondary,0.006655
finest,0.006655
whenever,0.006655
Davien,0.006655
Kerr,0.006655
lose,0.006655
rejuvenator,0.006655
Sydney,0.006655
Oh,0.006655
largely,0.006655
perfection,0.006655
sixthmost,0.006655
placed,0.006655
suffer,0.006655
ReceiverTight,0.006655
tons,0.006655
Last,0.006655
onside,0.006655
July,0.006655
RossSimmons’,0.006655
expected,0.006655
somebody,0.006655
Soon,0.006655
2912,0.006655
Jadyn,0.006655
premier,0.006655
absence,0.006655
itself,0.006655
shell,0.006655
portal,0.006655
wrench,0.006655
Tight,0.006655
110,0.006655
Watson,0.006655
Maraad,0.006655
lineman,0.006655
interior,0.006655
undervalued,0.006655
contests,0.006655
fair,0.006655
control,0.006655
Josh,0.006655
Gattis,0.006655
influence,0.006655
sideline,0.006655
Running,0.006655
marketing,0.006655
Based,0.006655
dominant,0.006655
February,0.006655
touchback,0.006655
dedication,0.006655
Draft,0.006655
complete,0.006655
let,0.006655
finished,0.006655
spiral,0.006655
hard,0.006655
blame,0.006655
Vincig,0.006655
advising,0.006655
considering,0.006655
appears,0.006655
origin,0.006655
falls,0.006655
reeling,0.006655
80,0.006655
dart,0.006655
yardage,0.006655
ultimately,0.006655
progression,0.006655
Da’Metrius,0.006655
cornerback,0.006655
founded,0.006655
Weatherspoon,0.006655
Austin,0.006655
guard,0.006655
TJ,0.006655
455,0.006655
punts,0.006655
81,0.006655
holes,0.006655
36thworst,0.006655
Backup,0.006655
thirdworst,0.006655
measly,0.006655
sits,0.006655
rejuvenating,0.006655
slammed,0.006655
Naquil,0.006655
levels,0.006655
providing,0.006655
Betrand,0.006655
sacked,0.006655
41of54,0.006655
Tripp,0.006655
positive,0.006655
security,0.006655
forming,0.006655
05,0.006655
blanket,0.006655
catches,0.006655
Jaquez,0.006655
Denis,0.006655
rushers,0.006655
61,0.006655
edge,0.006655
Woody,0.006655
toptwo,0.006655
Michigan,0.006655
Similarly,0.006655
numbers,0.006655
usage,0.006655
duo’s,0.006655
wildcat,0.006655
formation,0.006655
sophomores,0.006655
82,0.006655
studentrun,0.006655
SAM,0.006655
Offensive,0.006655
vengeance,0.006655
recruited,0.006655
domino,0.006655
Duke’s,0.006655
exactly,0.006655
midseason,0.006655
dissected,0.006655
reliable,0.006655
reins,0.006655
stepdowns,0.006655
simultaneously,0.006655
Darian,0.006655
development,0.006655
Maybe,0.006655
reportedly,0.006655
April,0.006655
rises,0.006655
teammate,0.006655
team’s,0.006655
Penn,0.006655
preeminent,0.006655
undersized,0.006655
fearless,0.006655
scorer,0.006655
modified,0.006655
adjustment,0.006655
sparse,0.006655
depth,0.006655
Linebacker,0.006655
Peña,0.006655
emerged,0.006655
calmed,0.006655
crutches,0.006655
adapt,0.006655
prove,0.006655
Wide,0.006655
Mensah,0.006655
critiques,0.006655
decisions,0.006655
toughness,0.006655
mind,0.006655
meaning,0.006655
couple,0.006655
upperclassmen,0.006655
eyes”,0.006655
“soft,0.006655
overall,0.006655
hesitant,0.006655
first”,0.006655
judged,0.006655
revealed,0.006655
goes,0.006655
respect,0.006655
tough,0.006655
May,0.006655
East,0.006655
Trebor,0.006655
RPOheavy,0.006655
West,0.006655
fits,0.006655
Playoff,0.006655
Minoa,0.006655
College,0.006655
alum,0.006655
infectious,0.006655
stark,0.006655
suggests,0.006655
questioned,0.006655
evidence,0.006655
seasonlong,0.006655
adjust”,0.006655
boys’,0.006655
score’”,0.006655
tools,0.006655
reverse,0.006655
‘C’mon,0.006655
supposed,0.006655
sad,0.006655
she’ll,0.006655
that”,0.006655
day’”,0.006655
aren’t,0.006655
tougher,0.006655
seek,0.006655
usual,0.006655
spotlight,0.006655
watching,0.006655
“shift,0.006655
made’,0.006655
Point,0.006655
immediately,0.006655
LeQuint,0.006655
positives,0.006655
“After,0.006655
Gadsden,0.006655
Oronde,0.006655
horses,0.006655
conversions,0.006655
easier,0.006655
yesterday,0.006655
Tech,0.006655
Virginia,0.006655
18point,0.006655
victories,0.006655
comeback,0.006655
lax,0.006655
preparing,0.006655
watches,0.006655
requested,0.006655
studies,0.006655
Matt,0.006655
harsh,0.006655
publicly,0.006655
colleagues,0.006655
weren’t,0.006655
rat,0.006655
working”,0.006655
bashes,0.006655
kindergarten,0.006655
rarely,0.006655
crediting,0.006655
Oswego,0.006655
dreaming,0.006655
Maroons’,0.006655
engine,0.006655
fourthdown,0.006655
momentumshifting,0.006655
noticed,0.006655
direction,0.006655
tagged,0.006655
thenAuburn,0.006655
hits,0.006655
jersey,0.006655
shouts,0.006655
nowsophomore,0.006655
dialing,0.006655
tallying,0.006655
13,0.006655
suggested,0.006655
impending,0.006655
coach’s,0.006655
heat,0.006655
poorly,0.006655
electricity,0.006655
similar,0.006655
UConn,0.006655
misses,0.006655
praise,0.006655
special”,0.006655
earlier,0.006655
deserves,0.006655
humble,0.006655
respectful,0.006655
everything”,0.006655
416,0.006655
performers,0.006655
disaster,0.006655
walk”,0.006655
rebuilding,0.006655
Atlanta,0.006655
week’s,0.006655
ours,0.006655
evolved,0.006655
change,0.006655
Not,0.006655
seasons,0.006655
unmitigated,0.006655
oncepromising,0.006655
fix,0.006655
tear,0.006655
We’re,0.006655
horse,0.006655
dark,0.006655
overpowers,0.006655
locker,0.006655
clovenhoofed,0.006655
mammal,0.006655
abandoned,0.006655
preferred,0.006655
personify,0.006655
adversity,0.006655
menacing,0.006655
none,0.006655
dare,0.006655
test,0.006655
nonexistent,0.006655
lethargic,0.006655
cow,0.006655
fifthworst,0.006655
tips,0.006655
Death,0.006655
Colgate,0.006655
tied,0.006655
storybook,0.006655
stages,0.006655
tearing,0.006655
scouting,0.006655
1317,0.006655
Valley,0.006655
squad,0.006655
history”,0.006655
shocked,0.006655
Buffaloes,0.006655
cows,0.006655
animals,0.006655
press,0.006655
describe,0.006655
stressed,0.006655
challenge,0.006655
202324,0.006655
nervewracking,0.006655
stressful,0.006655
“I’d,0.006655
scorer’s,0.006655
reassuring,0.006655
answer,0.006655
Heisman,0.006655
comfortable,0.006655
mentality,0.006655
unselfish,0.006655
palpable,0.006655
swagger,0.006655
quiet,0.006655
hockey,0.006655
clearly,0.006655
Among,0.006655
down”,0.006655
knows,0.006655
spend,0.006655
curve,0.006655
lifting,0.006655
developing,0.006655
nondominant,0.006655
Let’s,0.006655
belt,0.006655
footwork,0.006655
Nussmeier,0.006655
Garrett,0.006655
Daniels,0.006655
Jayden,0.006655
topnotch,0.006655
littered,0.006655
flash,0.006655
nationally,0.006655
humility,0.006655
traced,0.006655
communicates,0.006655
whack,0.006655
country’s,0.006655
now”,0.006655
impress,0.006655
judge,0.006655
equipment,0.006655
…,0.006655
dad’s,0.006655
younger,0.006655
siblings,0.006655
do”,0.006655
deliver,0.006655
assist,0.006655
drastic,0.006655
mix,0.006655
least,0.006655
deficits,0.006655
secondhalf,0.006655
243,0.006655
ruled,0.006655
Marlowe,0.006655
“His,0.006655
beat,0.006655
victory,0.006655
upset,0.006655
3421,0.006655
teamcentered,0.006655
egodriven,0.006655
343,0.006655
ranked,0.006655
plays”,0.006655
abandon,0.006655
meaningless,0.006655
ranks,0.006655
Baylor’s,0.006655
Sawyer,0.006655
Robertson,0.006655
3295,0.006655
accomplishments,0.006655
tying,0.006655
singlegame,0.006655
Compared,0.006655
McCord’s,0.006655
36762,0.006655
rendered,0.006655
4779,0.006655
“Of,0.006655
struggled,0.006655
deepball,0.006655
32,0.006655
Nearly,0.006655
much”,0.006655
spark,0.006655
turnaround,0.006655
course,0.006655
meanwhile,0.006655
32925,0.006655
Don’t,0.006655
nostalgic,0.006655
uniform,0.006655
reminisce,0.006655
averaged,0.006655
absurd,0.006655
Nyack’s,0.006655
patrons,0.006655
Gait,0.006655
mother,0.006655
13yard,0.006655
defender,0.006655
jumping,0.006655
predicted,0.006655
Fast,0.006655
Gerald,0.006655
Against,0.006655
football”,0.006655
bluntly,0.006655
committed,0.006655
ball”,0.006655
unacceptable,0.006655
206,0.006655
unison,0.006655
obtain,0.006655
medical,0.006655
eligibility,0.006655
onto,0.006655
Across,0.006655
belonged,0.006655
there”,0.006655
fourstar,0.006655
drama,0.006655
gasp,0.006655
beyond,0.006655
Stadium,0.006655
visit,0.006655
legendary,0.006655
Ford,0.006655
men’s,0.006655
exclusively,0.006655
folks,0.006655
execute,0.006655
occur,0.006655
actively,0.006655
Jersey’s,0.006655
hauled,0.006655
seasonopening,0.006655
relied,0.006655
perfect,0.006655
240,0.006655
trailing,0.006655
mode,0.006655
desperation,0.006655
acrobatic,0.006655
entered,0.006655
onedimensional,0.006655
perspective,0.006655
recognized,0.006655
greatest,0.006655
schemes,0.006655
torch,0.006655
secondaries,0.006655
blaming,0.006655
routes,0.006655
20plus,0.006655
incinerated,0.006655
together”,0.006655
boasts,0.006655
playmakers,0.006655
more”,0.006655
“I’m,0.006655
doing,0.006655
calls,0.006655
obtained,0.006655
claimed,0.006655
uncle,0.006655
285yard,0.006655
wild,0.006655
accusations,0.006655
ruining,0.006655
chances,0.006655
drafted,0.006655
fourtouchdown,0.006655
tape,0.006655
“is,0.006655
spot”,0.006655
Whether,0.006655
279,0.006655
22of45,0.006655
completing,0.006655
unhappy,0.006655
paramount,0.006655
them”,0.006655
blanketed,0.006655
Mustang,0.006655
Rumors,0.006655
tore,0.006655
02,0.006655
backtoback,0.006655
175,0.006655
inadvertently,0.006655
spread,0.006655
firsthalf,0.006655
ESPN,0.006655
radio’s,0.006655
fourthdowns,0.006655
2of5,0.006655
standard,0.006655
draw”,0.006655
licks”,0.006655
“We’ll,0.006655
sentiment,0.006655
step,0.006655
natural,0.006655
winners,0.006655
it’ll,0.006655
laugh,0.006655
captains,0.006655
contributed,0.006655
demanding,0.006655
Championship,0.006655
yearly,0.006655
literally,0.006655
sisters”,0.006655
so’,0.006655
true’”,0.006655
grave,0.006655
seventhgrade,0.006655
grader,0.006655
11th,0.006655
players”,0.006655
141,0.006655
doubling,0.006655
“Everyone,0.006655
‘I,0.006655
maneuvers,0.006655
counter,0.006655
practiced,0.006655
flip,0.006655
hours,0.006655
figuring,0.006655
superteam,0.006655
“Her,0.006655
situation,0.006655
bleeds,0.006655
areas,0.006655
“Last,0.006655
missing”,0.006655
2010,0.006655
tightknit,0.006655
addresses,0.006655
Clark,0.006655
regionals,0.006655
Alijah,0.006655
Barron,0.006655
Justin,0.006655
Wax,0.006655
Bayport,0.006655
basketball,0.006655
puts,0.006655
work”,0.006655
impact,0.006655
volunteering,0.006655
youth,0.006655
outspoken,0.006655
again”,0.006655
holding,0.006655
danger,0.006655
tournament,0.006655
Morgan’s,0.006655
Message,0.006655
tries,0.006655
rebuild,0.006655
ambassador,0.006655
supporting,0.006655
teach,0.006655
handling,0.006655
35yard,0.006655
fourthgrade,0.006655
Dome,0.006655
Wireless,0.006655
program’s,0.006655
directors,0.006655
“If,0.006655
forth,0.006655
her”,0.006655
youngest,0.006655
JMA,0.006655
electrifying,0.006655
Elizabeth,0.006655
383,0.006655
coached,0.006655
13ranked,0.006655
touched,0.006655
massive,0.006655
Due,0.006655
306,0.006655
Weaver,0.006655
controls,0.006655
5year,0.006655
boost,0.006655
bruising,0.006655
USA,0.006655
Caleb,0.006655
Devils,0.006655
Magazine,0.006655
age,0.006655
3,0.006655
hurdled,0.006655
length,0.006655
rock,0.006655
excelled,0.006655
schooler,0.006655
memorable,0.006655
stampeding,0.006655
calendars,0.006655
picking,0.006655
wind,0.006655
7thgrade,0.006655
fought,0.006655
sniped,0.006655
corner,0.006655
nonquarterback,0.006655
‘her,0.006655
void,0.006655
dreams,0.006655
235,0.006655
field”,0.006655
defenses,0.006655
propelled,0.006655
School’s,0.006655
“My,0.006655
wearing,0.006655
known,0.006655
pounds,0.006655
390,0.006655
Kathryn,0.006655
6foot,0.006655
standing,0.006655
competitive,0.006655
to”,0.006655
punch,0.006655
packs,0.006655
regardless,0.006655
essential,0.006655
evil”,0.006655
ensure,0.006655
evil,0.006655
survive”,0.006655
terrorist,0.006655
synagogue,0.006655
Manchester,0.006655
sign,0.006655
nobody’s,0.006655
ensuring,0.006655
attending,0.006655
numerous,0.006655
memorials,0.006655
anytime,0.006655
united,0.006655
why”,0.006655
“Why,0.006655
resilient,0.006655
rising,0.006655
Jews,0.006655
shattered”,0.006655
cannot,0.006655
healed,0.006655
joy,0.006655
drained,0.006655
away”,0.006655
heavy,0.006655
unending,0.006655
ache,0.006655
kibbutz,0.006655
life,0.006655
crucial,0.006655
Toward,0.006655
Cantors,0.006655
Esa,0.006655
Jaffe,0.006655
Kari,0.006655
Hatikvah,0.006655
Israel’s,0.006655
national,0.006655
anthem,0.006655
closing,0.006655
partner,0.006655
Padgett,0.006655
referred,0.006655
“one,0.006655
ways”,0.006655
shares,0.006655
urge,0.006655
familiarize,0.006655
yourself,0.006655
report’s,0.006655
vigilant,0.006655
Brett,0.006655
ongoing,0.006655
collective,0.006655
efforts,0.006655
maintain,0.006655
thrive”,0.006655
takeaways,0.006655
49,0.006655
spike,0.006655
rise,0.006655
motor,0.006655
Disclosure,0.006655
hold,0.006655
assault,0.006655
domestic,0.006655
An,0.006655
uptick,0.006655
significant,0.006655
changes,0.006655
Report,0.006655
complies,0.006655
Jeanne,0.006655
wound,0.006655
Policy,0.006655
Crime,0.006655
Statistics,0.006655
requires,0.006655
annually,0.006655
Education’s,0.006655
Experience,0.006655
Groves,0.006655
Financial,0.006655
tunnel,0.006655
organizers,0.006655
protect,0.006655
speaker,0.006655
explaining,0.006655
injured,0.006655
parents,0.006655
sent,0.006655
projector,0.006655
23yearold,0.006655
discovered,0.006655
whose,0.006655
reminded,0.006655
whom,0.006655
alive,0.006655
referenced,0.006655
quote,0.006655
Viktor,0.006655
Frankl,0.006655
repeatedly,0.006655
“when,0.006655
bear,0.006655
embodied,0.006655
voice,0.006655
Abby,0.006655
Demi,0.006655
Lovato’s,0.006655
“Warrior”,0.006655
honor,0.006655
Yuval,0.006655
competitions,0.006655
Ashley,0.006655
speech,0.006655
how”,0.006655
resilience,0.006655
challenges,0.006655
Raphael’s,0.006655
Day,0.006655
Rise”,0.006655
tragedy,0.006655
Defense,0.006655
Forces,0.006655
officer,0.006655
Videos,0.006655
“move,0.006655
agreement,0.006655
Several,0.006655
Max,0.006655
Greenky,0.006655
Grace,0.006655
Dean,0.006655
Frida,0.006655
Kristal,0.006655
spoke,0.006655
mediators,0.006655
documentaries,0.006655
amputees,0.006655
survivors,0.006655
64,0.006655
men,0.006655
Kfar,0.006655
Aza,0.006655
turned,0.006655
continuous,0.006655
mourning,0.006655
Gaza,0.006655
mantra,0.006655
frequently,0.006655
phrase,0.006655
activist,0.006655
wonders,0.006655
“why”,0.006655
Donald,0.006655
20point,0.006655
peace,0.006655
freeing,0.006655
“an,0.006655
governance,0.006655
Palestinian,0.006655
technocrats,0.006655
seeking,0.006655
negotiations,0.006655
Peace,0.006655
“very,0.006655
successful”,0.006655
urged,0.006655
lots,0.006655
Garage’s,0.006655
detour,0.006655
Marshall,0.006655
Street,0.006655
Later,0.006655
Ave,0.006655
Located,0.006655
North,0.006655
South,0.006655
parking,0.006655
detours”,0.006655
delays,0.006655
fencing,0.006655
planned,0.006655
announced,0.006655
Hilton,0.006655
act,0.006655
broader,0.006655
says,0.006655
Constructionrelated,0.006655
questions,0.006655
sitework,0.006655
Planning,0.006655
Construction,0.006655
“closely”,0.006655
contractors,0.006655
mitigate,0.006655
congestion,0.006655
“transform”,0.006655
minimize,0.006655
disruption,0.006655
continued,0.006655
directed,0.006655
“Large,0.006655
portions”,0.006655
building’s,0.006655
Sidewalks,0.006655
closed,0.006655
Kimmel,0.006655
Marion,0.006655
dining,0.006655
expect,0.006655
“additional,0.006655
muscle,0.006655
groupbased,0.006655
communities,0.006655
involve,0.006655
out”,0.006655
reject,0.006655
attracts,0.006655
physically,0.006655
misconstrue,0.006655
delegating,0.006655
core,0.006655
comment,0.006655
nevertheless,0.006655
talked,0.006655
girl,0.006655
here””,0.006655
pose,0.006655
uses,0.006655
credits,0.006655
Girl,0.006655
Gains,0.006655
earliest,0.006655
Josephine,0.006655
cpdcsyredu,0.006655
Heels,0.006655
clack,0.006655
hips,0.006655
Underground,0.006655
Excited,0.006655
chatter,0.006655
laughter,0.006655
warm,0.006655
dance”,0.006655
increase,0.006655
fiscal,0.006655
agent,0.006655
friendship,0.006655
finding,0.006655
comfort,0.006655
Founded,0.006655
nowSU,0.006655
Sabrina,0.006655
Originating,0.006655
drugs,0.006655
2o24,0.006655
liquor,0.006655
underage,0.006655
drinking,0.006655
decreased,0.006655
Drug,0.006655
include,0.006655
selling,0.006655
buying,0.006655
illegal,0.006655
rape,0.006655
paraphernalia,0.006655
bias,0.006655
documents,0.006655
Public,0.006655
160,0.006655
200,0.006655
“overview,0.006655
procedures”,0.006655
outlines,0.006655
university’s,0.006655
considered,0.006655
scootersbikes,0.006655
campus”,0.006655
referring,0.006655
introduction,0.006655
Veo,0.006655
scooter,0.006655
bike,0.006655
Electric,0.006655
scooters,0.006655
bikes,0.006655
protocol,0.006655
motorized,0.006655
vehicles,0.006655
Cases,0.006655
“dating,0.006655
violence”,0.006655
Domestic,0.006655
remains,0.006655
zero,0.006655
Reported,0.006655
Witness,0.006655
sanctions,0.006655
disaffiliation,0.006655
referral,0.006655
enforcement,0.006655
emergency,0.006655
DPS,0.006655
3154432224,0.006655
text,0.006655
711syredu,0.006655
Silent,0.006655
risk,0.006655
Tool,0.006655
Ongoing,0.006655
“comprehensive,0.006655
housing,0.006655
strategy”,0.006655
sidewalks,0.006655
Facilities,0.006655
Pete,0.006655
Sala’s,0.006655
Hotel,0.006655
interim,0.006655
reporting,0.006655
investigation,0.006655
suspended,0.006655
Phi,0.006655
Kappa,0.006655
videos,0.006655
viral,0.006655
investigated,0.006655
Upsilon,0.006655
placing,0.006655
community’s,0.006655
overview,0.006655
highlights,0.006655
300word,0.006655
universityaffiliated,0.006655
endangering,0.006655
condition,0.006655
joining,0.006655
Organizations,0.006655
haze,0.006655
mayoral,0.006655
voter,0.006655
deadline,0.006655
Election’s,0.006655
Daily,0.006655
compiled,0.006655
Mayoral,0.006655
Sharon,0.006655
Thomas,0.006655
Tim,0.006655
Alfonso,0.006655
Elections,0.006655
city’s,0.006655
deputy,0.006655
securing,0.006655
independents,0.006655
Owens’,0.006655
concentrates,0.006655
financial,0.006655
sustainability,0.006655
education,0.006655
prioritizing,0.006655
replicated,0.006655
“come,0.006655
sessions,0.006655
engaged,0.006655
round,0.006655
works,0.006655
facilitators,0.006655
dedicated,0.006655
facility,0.006655
affordable,0.006655
options,0.006655
Police,0.006655
nation”,0.006655
approaches,0.006655
offices,0.006655
begin,0.006655
2,0.006655
polling,0.006655
places,0.006655
online,0.006655
Onondaga,0.006655
County,0.006655
incumbents,0.006655
openings,0.006655
SCSD,0.006655
serving,0.006655
fouryear,0.006655
terms,0.006655
Candidates,0.006655
Twiggy,0.006655
Karen,0.006655
Root,0.006655
ticket,0.006655
Current,0.006655
secured,0.006655
Jason,0.006655
Petrone,0.006655
incumbent,0.006655
Nyatwa,0.006655
Bullock,0.006655
Rita,0.006655
Paniagua,0.006655
Democrat,0.006655
Hanah,0.006655
21300,0.006655
address,0.006655
gang,0.006655
activity,0.006655
integrity,0.006655
accountability,0.006655
campaigns,0.006655
September,0.006655
126100,0.006655
significantly,0.006655
Babilon’s,0.006655
“isolated”,0.006655
Rudd’s,0.006655
700,0.006655
debates,0.006655
aired,0.006655
WCNY,0.006655
CitrusTV,0.006655
Resource,0.006655
22,0.006655
WSYRTV,0.006655
environmental,0.006655
Care,0.006655
Homeless,0.006655
Program,0.006655
VA,0.006655
Medical,0.006655
analyzed,0.006655
adverse,0.006655
measure,0.006655
determinants,0.006655
nonmedical,0.006655
previously,0.006655
factors,0.006655
results,0.006655
demonstrated,0.006655
loneliness,0.006655
clients’,0.006655
cafe’s,0.006655
“wraparound,0.006655
holistic,0.006655
“community,0.006655
connected,0.006655
assessment,0.006655
rural,0.006655
town,0.006655
“Recovery,0.006655
Cafe”,0.006655
meals,0.006655
productive,0.006655
northeast,0.006655
matters,0.006655
mission,0.006655
statement,0.006655
atmosphere”,0.006655
evaluation,0.006655
indicated,0.006655
anything,0.006655
Jessica,0.006655
Kenneth,0.006655
associate,0.006655
Xiafei,0.006655
individually,0.006655
partners,0.006655
counseling,0.006655
“When,0.006655
therapist’,0.006655
am,0.006655
member’,0.006655
leaning,0.006655
support”,0.006655
Certified,0.006655
Misty,0.006655
Severs’,0.006655
journey,0.006655
therapist,0.006655
From,0.006655
desk,0.006655
arose,0.006655
wonderful,0.006655
definitely,0.006655
belong,0.006655
Severs,0.006655
operation,0.006655
consistently,0.006655
witnessed,0.006655
These,0.006655
threeyear,0.006655
grant,0.006655
Mother,0.006655
Cabrini,0.006655
January,0.006655
launched,0.006655
amazing,0.006655
transformative,0.006655
Currently,0.006655
rooms,0.006655
Rasheada,0.006655
“recovery,0.006655
circles”,0.006655
starts,0.006655
delicious,0.006655
nutritious,0.006655
certified,0.006655
gratefulness,0.006655
intentions,0.006655
plans,0.006655
10000,0.006655
60000,0.006655
Programming,0.006655
Allocation,0.006655
motion,0.006655
packaged,0.006655
Ten,0.006655
RSOs,0.006655
partially,0.006655
correctly,0.006655
1423643,0.006655
assembly’s,0.006655
sitting,0.006655
100000,0.006655
Comptroller,0.006655
Leach,0.006655
Fall,0.006655
Break,0.006655
honoring,0.006655
twoyear,0.006655
anniversary,0.006655
Hamasled,0.006655
Success,0.006655
changed”,0.006655
federal,0.006655
passed,0.006655
finally,0.006655
colleges,0.006655
update,0.006655
policies”,0.006655
bills,0.006655
introduced,0.006655
International,0.006655
welcomed,0.006655
office,0.006655
understand,0.006655
application,0.006655
US,0.006655
employers,0.006655
operate,0.006655
hire,0.006655
request,0.006655
7246,0.006655
encouraged,0.006655
commemorate,0.006655
forever”,0.006655
“Because,0.006655
forget,0.006655
nothing”,0.006655
candles,0.006655
silence,0.006655
CEO,0.006655
CNY,0.006655
candle,0.006655
forget”,0.006655
moral,0.006655
obligation”,0.006655
Megan,0.006655
WSTMTV,0.006655
anchor,0.006655
served,0.006655
facilitator,0.006655
introducing,0.006655
series,0.006655
speeches,0.006655
Koren,0.006655
Music,0.006655
100,0.006655
honored,0.006655
messages,0.006655
personal,0.006655
accounts,0.006655
miniexhibition,0.006655
photos,0.006655
photojournalist,0.006655
Ziv,0.006655
“Times,0.006655
titled,0.006655
“Remembrance,0.006655
Resilience,0.006655
Hope”,0.006655
organized,0.006655
Pomeranz,0.006655
Antisemitism,0.006655
Marci,0.006655
“never,0.006655
residents,0.006655
Chancellor,0.006655
Search,0.006655
Committee,0.006655
Zoom,0.006655
profile,0.006655
“job,0.006655
description”,0.006655
Shelly,0.006655
cochair,0.006655
alumni,0.006655
lines,0.006655
faculty,0.006655
Spencer,0.006655
Stuart,0.006655
consulting,0.006655
firm,0.006655
aiding,0.006655
meeting’s,0.006655
useful,0.006655
additive,0.006655
hear,0.006655
4th,0.006655
Caldwell,0.006655
Counciloratlarge,0.006655
unless,0.006655
councilor,0.006655
First,0.006655
Marty,0.006655
Nave,0.006655
3rd,0.006655
Corey,0.006655
Williams,0.006655
perspectives,0.006655
Patrona,0.006655
JonesRowser,0.006655
Democrats,0.006655
Second,0.006655
Donna,0.006655
Moore,0.006655
5th,0.006655
Jimmy,0.006655
Monto,0.006655
signing,0.006655
2029,0.006655
minor,0.006655
prioritize,0.006655
accessible,0.006655
approachable,0.006655
light”,0.006655
Luis,0.006655
Gomez,0.006655
“So,0.006655
met”,0.006655
CCE,0.006655
submit,0.006655
nominations,0.006655
committee’s,0.006655
regarding,0.006655
recent,0.006655
opportunities,0.006655
Conduct,0.006655
antihazing,0.006655
2016,0.006655
Joshua,0.006655
Alice,0.006655
aspects,0.006655
reasons,0.006655
committing,0.006655
Derry,0.006655
Oliver,0.006655
advocacy,0.006655
eleventh,0.006655
reaching,0.006655
long,0.006655
applying,0.006655
supporters,0.006655
academic,0.006655
Citizenship,0.006655
Civic,0.006655
Engagement,0.006655
program”,0.006655
interest,0.006655
majors,0.006655
job,0.006655
important”,0.006655
formal,0.006655
intimate,0.006655
drawbacks,0.006655
surrounding,0.006655
Butler’s,0.006655
Combining,0.006655
dramatics,0.006655
promote,0.006655
custommade,0.006655
wedding,0.006655
gowns,0.006655
costs,0.006655
wear,0.006655
blossomed,0.006655
exhibit,0.006655
underground,0.006655
grown,0.006655
inception,0.006655
supported,0.006655
Food,0.006655
Bank,0.006655
raised,0.006655
vicariously,0.006655
exhibited,0.006655
applauded,0.006655
thunderously,0.006655
loved,0.006655
ones,0.006655
Xuelian,0.006655
modelling,0.006655
Hill,0.006655
looks,0.006655
lived,0.006655
20000,0.006655
reason,0.006655
drawing,0.006655
girl’s,0.006655
modeling,0.006655
kinds,0.006655
pivoting,0.006655
location,0.006655
boasted,0.006655
grand,0.006655
rental,0.006655
encourage,0.006655
Marke,0.006655
“Barbiecore”,0.006655
tiaras,0.006655
laced,0.006655
pink,0.006655
remind,0.006655
Breast,0.006655
Cancer,0.006655
Awareness,0.006655
Month,0.006655
Hill’s,0.006655
tested,0.006655
detect,0.006655
breast,0.006655
cancer,0.006655
bespoke,0.006655
fittings,0.006655
personalized,0.006655
occasion,0.006655
myself,0.006655
fit,0.006655
Rivera,0.006655
“rewarding”,0.006655
initiative,0.006655
unfortunately,0.006655
raise,0.006655
money,0.006655
donation,0.006655
done”,0.006655
Rivera’s,0.006655
showcased,0.006655
Zhiltzov,0.006655
flair,0.006655
Stiletto,0.006655
displaying,0.006655
diverse,0.006655
patterns,0.006655
textures,0.006655
Children,0.006655
teenagers,0.006655
adults,0.006655
outfits,0.006655
shopping,0.006655
dozens,0.006655
bratwurst,0.006655
Neil,0.006655
Cross,0.006655
representation,0.006655
Rows,0.006655
boots,0.006655
dressed,0.006655
lederhosen,0.006655
dirndls,0.006655
sat,0.006655
it’d,0.006655
date,0.006655
wife”,0.006655
enjoy,0.006655
accident,0.006655
closures,0.006655
Originally,0.006655
Watertown,0.006655
NY,0.006655
Germany,0.006655
Oktoberfestrelated,0.006655
hammer,0.006655
Michaela,0.006655
sell,0.006655
branded,0.006655
portrayed,0.006655
Holly,0.006655
Anderson,0.006655
sells,0.006655
Awkward,0.006655
Fish’s,0.006655
unmatched,0.006655
Kai,0.006655
Pavlova,0.006655
Contributing,0.006655
street,0.006655
everybody’s,0.006655
hi,0.006655
stopping”,0.006655
Next,0.006655
racecourse,0.006655
Eleven,0.006655
jip,0.006655
performance”,0.006655
today,0.006655
‘You,0.006655
man,0.006655
time’”,0.006655
Executive,0.006655
Lisa,0.006655
2014,0.006655
pivot,0.006655
“Don’t,0.006655
cornerstone,0.006655
“Change,0.006655
evolve,0.006655
nowornever,0.006655
thoughts,0.006655
head”,0.006655
ninth,0.006655
Art,0.006655
night’s,0.006655
radiated,0.006655
booed,0.006655
Still,0.006655
captured,0.006655
distinct,0.006655
tradition,0.006655
Looking,0.006655
Stevie,0.006655
Ray,0.006655
1982,0.006655
Montreux,0.006655
Jazz,0.006655
stores,0.006655
defeated,0.006655
unaware,0.006655
Jackson,0.006655
Browne,0.006655
Bowie,0.006655
jam,0.006655
encounter,0.006655
reminds,0.006655
eager,0.006655
black,0.006655
Banned,0.006655
romance,0.006655
genre,0.006655
celebrate,0.006655
October,0.006655
buy,0.006655
talking,0.006655
time”,0.006655
graduate,0.006655
Mackenzie,0.006655
banned,0.006655
lab,0.006655
attraction,0.006655
pet,0.006655
stands”,0.006655
means,0.006655
eat,0.006655
cook,0.006655
resident,0.006655
products,0.006655
aware,0.006655
PanHellenic,0.006655
Kimelman,0.006655
representing,0.006655
Tau,0.006655
appreciated,0.006655
performing,0.006655
event’s,0.006655
attractions,0.006655
stand,0.006655
pay,0.006655
pie,0.006655
vintage,0.006655
Leaders,0.006655
lined,0.006655
pied,0.006655
shaving,0.006655
cream,0.006655
expressed,0.006655
can”,0.006655
Linus,0.006655
bookseller,0.006655
mainly,0.006655
connecting,0.006655
produced,0.006655
honey,0.006655
flavors,0.006655
stocked,0.006655
homemade,0.006655
sourdough,0.006655
loaves,0.006655
cookies,0.006655
Sellers,0.006655
enthusiastic,0.006655
locally,0.006655
goods,0.006655
“One,0.006655
bookstore,0.006655
hundreds,0.006655
racers,0.006655
crossed,0.006655
greeted,0.006655
upbeat,0.006655
pumping,0.006655
photobooth,0.006655
farms,0.006655
represented,0.006655
purchased,0.006655
apples,0.006655
Plum,0.006655
Mule,0.006655
connects,0.006655
farmers,0.006655
consumers,0.006655
realize,0.006655
locallyowned,0.006655
Cameron,0.006655
maybe,0.006655
lunch”,0.006655
contained,0.006655
racks,0.006655
secondhand,0.006655
handmade,0.006655
jewelry,0.006655
stickers,0.006655
Two,0.006655
Apple,0.006655
show’s,0.006655
skirts,0.006655
garments,0.006655
Leaning,0.006655
dove,0.006655
clothing’s,0.006655
roots,0.006655
Hailing,0.006655
reveal,0.006655
Big,0.006655
pattern,0.006655
“People,0.006655
brings,0.006655
us”,0.006655
raises,0.006655
bank,0.006655
reward,0.006655
itself”,0.006655
Beyond,0.006655
artworks,0.006655
Uticabased,0.006655
enables,0.006655
spent,0.006655
allocating,0.006655
dress,0.006655
sourcing,0.006655
modeled,0.006655
faces,0.006655
reactions,0.006655
“I’ve,0.006655
confident”,0.006655
Unlike,0.006655
artordie,0.006655
flaunt,0.006655
restriction,0.006655
possible,0.006655
Sometimes,0.006655
boutiques,0.006655
creatives,0.006655
QueenRi’s,0.006655
African,0.006655
attire,0.006655
engage,0.006655
Walnut,0.006655
Park,0.006655
Attractions,0.006655
Accompanied,0.006655
fellow,0.006655
Ru,0.006655
Amin,0.006655
Anna,0.006655
offer,0.006655
London,0.006655
Union,0.006655
spirit”,0.006655
UK”,0.006655
artists,0.006655
Audience,0.006655
bought,0.006655
votes,0.006655
proceeds,0.006655
charity,0.006655
artist’s,0.006655
hobbyist,0.006655
Menna,0.006655
Zoe,0.006655
Sauvé,0.006655
brute,0.006655
hidden,0.006655
gem,0.006655
treasure,0.006655
“Syracuse,0.006655
cities,0.006655
you’ve,0.006655
spending,0.006655
stump,0.006655
newfound,0.006655
19th,0.006655
birthday,0.006655
“There,0.006655
‘This,0.006655
American’”,0.006655
bit,0.006655
homecoming”,0.006655
Greek,0.006655
obscure,0.006655
explain,0.006655
plot,0.006655
exact,0.006655
Todd’s,0.006655
hyperliteral,0.006655
Marvel,0.006655
Entertainment,0.006655
heroes,0.006655
tropes,0.006655
Boy”’s,0.006655
answers,0.006655
exposition,0.006655
oddly,0.006655
refreshing,0.006655
monster,0.006655
metaphor,0.006655
number,0.006655
topics,0.006655
expectations,0.006655
dead,0.006655
grandfather’s,0.006655
fight,0.006655
man’s,0.006655
enemy,0.006655
directorial,0.006655
debut,0.006655
follows,0.006655
retriever,0.006655
director’s,0.006655
owner,0.006655
Shane,0.006655
Jensen,0.006655
isolated,0.006655
kill,0.006655
landscape,0.006655
movies,0.006655
slasher,0.006655
flicks,0.006655
stands,0.006655
singular,0.006655
character,0.006655
frustrated,0.006655
won’t,0.006655
You’re,0.006655
hostile,0.006655
bad,0.006655
battle,0.006655
inexplicable,0.006655
corporeal,0.006655
survival,0.006655
doors,0.006655
enhanced,0.006655
computergenerated,0.006655
imagery,0.006655
strange,0.006655
actor,0.006655
element,0.006655
Fittingly,0.006655
gives,0.006655
dog’seye,0.006655
cinematography,0.006655
Grebnoel,0.006655
stature,0.006655
low,0.006655
angle,0.006655
death,0.006655
concerned,0.006655
sister,0.006655
leaving,0.006655
ward,0.006655
physical,0.006655
manifestation,0.006655
happening,0.006655
contemporary,0.006655
eldritch,0.006655
surrounded,0.006655
movie,0.006655
creeping,0.006655
sickness,0.006655
taxidermied,0.006655
trophies,0.006655
cabin’s,0.006655
occupant,0.006655
pair’s,0.006655
sprawling,0.006655
woods,0.006655
mess,0.006655
fully,0.006655
hooked,0.006655
workouts,0.006655
touch,0.006655
gymnastics,0.006655
aerial,0.006655
silks,0.006655
artistically,0.006655
backlash,0.006655
judgment,0.006655
wrong,0.006655
everyone’s,0.006655
boosted,0.006655
self,0.006655
Like,0.006655
beginners,0.006655
class”,0.006655
‘Oh,0.006655
god,0.006655
anything’,0.006655
before”,0.006655
invalid,0.006655
everyone,0.006655
welcoming,0.006655
fitnessfocused,0.006655
motivational,0.006655
mindset,0.006655
associations,0.006655
outsiders,0.006655
dismissed,0.006655
inappropriate,0.006655
deeming,0.006655
During,0.006655
Secretary,0.006655
Rochelle,0.006655
‘Why,0.006655
that’”,0.006655
discourage,0.006655
responses,0.006655
fuel,0.006655
register,0.006655
promiscuous,0.006655
sexually,0.006655
hosting,0.006655
17,0.006655
“access,0.006655
potential”,0.006655
Anyone,0.006655
within,0.006655
dances,0.006655
sensual,0.006655
deemed,0.006655
negatively,0.006655
membership,0.006655
happier,0.006655
skin,0.006655
are”,0.006655
you”,0.006655
proof,0.006655
dogs,0.006655
Oscars,0.006655
Ben,0.006655
delivers,0.006655
thriller,0.006655
Manlius,0.006655
embrace,0.006655
awkwardness,0.006655
emphasize,0.006655
acceptance,0.006655
excited,0.006655
exercise,0.006655
louder,0.006655
typically,0.006655
holds,0.006655
floor,0.006655
Environments,0.006655
based,0.006655
Dance,0.006655
Tribe,0.006655
poles,0.006655
buses,0.006655
offers,0.006655
discount,0.006655
haven’t,0.006655
grow,0.006655
behindthescenes,0.006655
elevates,0.006655
truly,0.006655
crew’s,0.006655
inventiveness,0.006655
execution,0.006655
volumes,0.006655
films,0.006655
screen,0.006655
theaters,0.006655
sure,0.006655
novelty,0.006655
reel,0.006655
Performing,0.006655
Biergarten’s,0.006655
inaugural,0.006655
Fritz,0.006655
band’s,0.006655
rodeo,0.006655
Past,0.006655
Woodstock,0.006655
1999,0.006655
“Turner,0.006655
Curtis,0.006655
Roberts’,0.006655
craft,0.006655
question,0.006655
minds,0.006655
prospective,0.006655
viewers,0.006655
“Old,0.006655
Yeller’d”,0.006655
perhaps,0.006655
Musikfest,0.006655
Hooch’d”,0.006655
knowing,0.006655
beforehand,0.006655
dies,0.006655
basic,0.006655
persuaded,0.006655
argument,0.006655
skip,0.006655
sentence,0.006655
station,0.006655
simple,0.006655
“Serve,0.006655
happy”,0.006655
pong,0.006655
darts,0.006655
biergarten,0.006655
daily,0.006655
viewings,0.006655
cheer,0.006655
vendor,0.006655
thrilled,0.006655
clubs,0.006655
Outside,0.006655
guests,0.006655
luck,0.006655
keg,0.006655
bowling,0.006655
HammerSchlagen,0.006655
contestants,0.006655
nails,0.006655
tree,0.006655
Regional,0.006655
band,0.006655
taught,0.006655
pains”,0.006655
“They’ve,0.006655
aiming,0.006655
Bavaria,0.006655
downtown,0.006655
wiener,0.006655
authentic,0.006655
drinks,0.006655
editor,0.006655
Manager,0.006655
Derrick,0.006655
expand,0.006655
ingratiate,0.006655
foster,0.006655
Dylan,0.006655
manager,0.006655
bar’s,0.006655
limiting,0.006655
Above,0.006655
highangle,0.006655
cowriter,0.006655
Alex,0.006655
Cannon,0.006655
waste,0.006655
delivering,0.006655
pitched,0.006655
tone,0.006655
wellexecuted,0.006655
thrills,0.006655
jarring,0.006655
else,0.006655
anxious,0.006655
combine,0.006655
foreboding,0.006655
atmosphere,0.006655
occasionally,0.006655
crosses,0.006655
terror,0.006655
What,0.006655
jumpscares,0.006655
present,0.006655
foreign,0.006655
lending,0.006655
affair,0.006655
sorely,0.006655
otherwise,0.006655
sequences,0.006655
blur,0.006655
perception,0.006655
arguing,0.006655
dog’s,0.006655
tacky,0.006655
totally,0.006655
Viewers,0.006655
unobscured,0.006655
human,0.006655
73minute,0.006655
runtime,0.006655
fractured,0.006655
reflections,0.006655
intentionally,0.006655
confusing,0.006655
cameras,0.006655
instead,0.006655
avoid,0.006655
distracting,0.006655
setup,0.006655
compromises,0.006655
elsewhere,0.006655
dialogue,0.006655
sounds,0.006655
rather,0.006655
operators,0.006655
unmotivated,0.006655
Certain,0.006655
effects,0.006655
casualty,0.006655
movie’s,0.006655
watchable,0.006655
enjoyable,0.006655
technical,0.006655
miracle,0.006655
testament,0.006655
crew,0.006655
fullest,0.006655
potential,0.006655
cut,0.006655
animal,0.006655
postcredits,0.006655
training,0.006655
doubly,0.006655
initial,0.006655
shooting,0.006655
Leonberg’s,0.006655
merchandise,0.006655
shoot,0.006655
onetothree,0.006655
chunks,0.006655
days,0.006655
dogwrangling,0.006655
strategically,0.006655
positioned,0.006655
pull,0.006655
camera,0.006655
